"원본 행","원본 이름","반영 이름","소장품번호","분류","정정된 공식 링크","처리"
"1","주먹도끼","주먹도끼","신수19143","선사·초기철기","https://www.museum.go.kr/MUSEUM/contents/M0502000000.do?schM=view&searchId=search&relicId=2486","일치"
"2","농경문 청동기","농경문 청동기","신수1794","선사·초기철기","https://www.museum.go.kr/MUSEUM/contents/M0502000000.do?schM=view&searchId=search&relicId=1991","일치"
"3","대한제국 황제의 인장","국새 칙명지보","신수241","근대·대한제국","https://www.museum.go.kr/MUSEUM/contents/M0502000000.do?schM=view&searchId=search&relicId=1921","CSV 3행의 링크는 아미타불을 가리켜 사용할 수 없음. 황제 인장 주제의 대표 유물로 칙명지보(신수241)를 선정. 원래 의도한 인장인지는 운영자 확인 필요."
"4","감산사 미륵보살","감산사 석조미륵보살입상","본관1958","통일신라","https://www.museum.go.kr/MUSEUM/contents/M0502000000.do?schM=view&searchId=search&relicId=348","공식 명칭으로 정리"
"5","감산사 아미타불입상","감산사 석조아미타불입상","본관1959","통일신라","https://www.museum.go.kr/MUSEUM/contents/M0502000000.do?schM=view&searchId=search&relicId=349","공식 명칭으로 정리"
"6","호우총 청동그릇","호우총 청동그릇","신수120","삼국·가야","https://www.museum.go.kr/MUSEUM/contents/M0502000000.do?schM=view&searchId=search&relicId=1917","일치"
"7","나전 칠 연꽃 넝쿨 무늬 상자","나전 칠 연꽃 넝쿨 무늬 상자","덕수4128","조선","https://www.museum.go.kr/MUSEUM/contents/M0502000000.do?schM=view&searchId=search&relicId=1332","일치"
"8","금관","금관","본관9435","삼국·가야","https://www.museum.go.kr/MUSEUM/contents/M0502000000.do?schM=view&searchId=search&relicId=159727","일치"
"9","서직수 초상","서직수 초상","덕수5688","조선","https://www.museum.go.kr/MUSEUM/contents/M0502000000.do?schM=view&searchId=search&relicId=1434","일치"
"10","빗살무늬토기","빗살무늬토기","신수22891","선사·초기철기","https://www.museum.go.kr/MUSEUM/contents/M0502000000.do?schM=view&searchId=search&relicId=4328","일치"
"11","창조신 복희와 여와","창조신 복희와 여와","본관4178","세계","https://www.museum.go.kr/MUSEUM/contents/M0502000000.do?schM=view&searchId=search&relicId=188707","일치"
"12","기마 인물형 토기","기마 인물형 토기","본관9705","삼국·가야","https://www.museum.go.kr/MUSEUM/contents/M0502000000.do?schM=view&searchId=search&relicId=3802","일치"
"13","청자 투각 칠보무늬 향로","청자 투각 칠보무늬 향로","덕수2990","고려","https://www.museum.go.kr/MUSEUM/contents/M0502000000.do?schM=view&searchId=search&relicId=1227","일치"
"14","금동반가사유상","금동반가사유상","덕수3200","삼국·가야","https://www.museum.go.kr/MUSEUM/contents/M0502000000.do?schM=view&searchId=search&relicId=1248","일치"
"15","법화경 그림","법화경 그림","덕수2466","고려","https://www.museum.go.kr/MUSEUM/contents/M0502000000.do?schM=view&searchId=search&relicId=1171","일치"
"16","분청사기 구름 용무늬 항아리","분청사기 상감 구름 용무늬 항아리","덕수2411","조선","https://www.museum.go.kr/MUSEUM/contents/M0502000000.do?schM=view&searchId=search&relicId=1160","동일 소장품번호로 병합"
"17","금동미륵보살반가사유상","금동미륵보살반가사유상","신수4165","삼국·가야","https://www.museum.go.kr/MUSEUM/contents/M0502000000.do?schM=view&searchId=search&relicId=2073","일치"
"18","달항아리","백자 달항아리","접수702","조선","https://www.museum.go.kr/MUSEUM/contents/M0502000000.do?schM=view&searchId=search&relicId=941","동일 소장품번호로 병합"
"19","대동여지도","대동여지도","건희3946","조선","https://www.museum.go.kr/MUSEUM/contents/M0502000000.do?schM=view&searchId=search&relicId=36552143","일치"
"20","녹유전각","녹유전각","구9370","세계","https://www.museum.go.kr/MUSEUM/contents/M0502000000.do?schM=view&searchId=search&relicId=31973","일치"
"21","청동 은입사 물가풍경무늬 정병","청동 은입사 물가풍경무늬 정병","본관2426","고려","https://www.museum.go.kr/MUSEUM/contents/M0502000000.do?schM=view&searchId=search&relicId=372","동일 소장품번호로 병합"
"22","도사 미츠오키 필 겐지모노가타리 화첩","도사 미츠오키 필 겐지모노가타리 화첩","구3257","세계","https://www.museum.go.kr/MUSEUM/contents/M0502000000.do?schM=view&searchId=search&relicId=4488","일치"
"23","청자 투각 연꽃 넝쿨 무늬 붓꽂이","청자 투각 연꽃 넝쿨 무늬 붓꽂이","덕수1167","고려","https://www.museum.go.kr/MUSEUM/contents/M0502000000.do?schM=view&searchId=search&relicId=7153","일치"
"24","분청사기 상감 구름 용무늬 항아리","분청사기 상감 구름 용무늬 항아리","덕수2411","조선","https://www.museum.go.kr/MUSEUM/contents/M0502000000.do?schM=view&searchId=search&relicId=1160","동일 소장품번호로 병합"
"25","백자 청화 구름 용무늬 접시","백자 청화 구름 용무늬 접시","동원103","조선","https://www.museum.go.kr/MUSEUM/contents/M0502000000.do?schM=view&searchId=search&relicId=8839","일치"
"26","봉사조선창화시권","봉사조선창화시권","신수14149","조선","https://www.museum.go.kr/MUSEUM/contents/M0502000000.do?schM=view&searchId=search&relicId=2318","일치"
"27","대동여지도 목판","대동여지도 목판","K번93","조선","https://www.museum.go.kr/MUSEUM/contents/M0502000000.do?schM=view&searchId=search&relicId=2577","일치"
"28","태자사 낭공대사 비석","태자사 낭공대사 비석","본관6754","고려","https://www.museum.go.kr/MUSEUM/contents/M0502000000.do?schM=view&searchId=search&relicId=4360","일치"
"29","몸에 지니는 작은 부처","몸에 지니는 작은 부처","덕수6303","고려","https://www.museum.go.kr/MUSEUM/contents/M0502000000.do?schM=view&searchId=search&relicId=1488","일치"
"30","금동 약사불 입상","금동 약사불 입상","본관324","통일신라","https://www.museum.go.kr/MUSEUM/contents/M0502000000.do?schM=view&searchId=search&relicId=335","일치"
"31","백자 병","백자 병","덕수3898","세계","https://www.museum.go.kr/MUSEUM/contents/M0502000000.do?schM=view&searchId=search&relicId=1305","일치"
"32","굵은 고리 금 귀걸이","굵은 고리 금 귀걸이","신수193","삼국·가야","https://www.museum.go.kr/MUSEUM/contents/M0502000000.do?schM=view&searchId=search&relicId=6055","일치"
"33","북한산 신라 진흥왕 순수비","북한산 신라 진흥왕 순수비","신수18242","삼국·가야","https://www.museum.go.kr/MUSEUM/contents/M0502000000.do?schM=view&searchId=search&relicId=2483","일치"
"34","청동 은입사 물가풍경무늬 정병","청동 은입사 물가풍경무늬 정병","본관2426","고려","https://www.museum.go.kr/MUSEUM/contents/M0502000000.do?schM=view&searchId=search&relicId=372","동일 소장품번호로 병합"
"35","청자 음각 연꽃 넝쿨무늬 매병","청자 음각 연꽃 넝쿨무늬 매병","덕수2656","고려","https://www.museum.go.kr/MUSEUM/contents/M0502000000.do?schM=view&searchId=search&relicId=1193","일치"
"36","청자 음각 국화 넝쿨무늬 대접","청자 음각 국화 넝쿨무늬 대접","증7203","고려","https://www.museum.go.kr/MUSEUM/contents/M0502000000.do?schM=view&searchId=search&relicId=41047","일치"
"37","청자 모란무늬 항아리","청자 상감 모란무늬 항아리","덕수6238","고려","https://www.museum.go.kr/MUSEUM/contents/M0502000000.do?schM=view&searchId=search&relicId=1477","공식 명칭으로 정리"
"38","분청사기 박지 철채 모란무늬 자라병","분청사기 박지 모란무늬 자라병","덕수6231","조선","https://www.museum.go.kr/MUSEUM/contents/M0502000000.do?schM=view&searchId=search&relicId=1475","공식 명칭으로 정리"
"39","백자 달항아리","백자 달항아리","접수702","조선","https://www.museum.go.kr/MUSEUM/contents/M0502000000.do?schM=view&searchId=search&relicId=941","동일 소장품번호로 병합"
"40","한국식 동검","한국식 동검","신수1844","선사·초기철기","https://www.museum.go.kr/MUSEUM/contents/M0502000000.do?schM=view&searchId=search&relicId=1996","일치"
"41","청동 방울","청동 방울","신수1847","선사·초기철기","https://www.museum.go.kr/MUSEUM/contents/M0502000000.do?schM=view&searchId=search&relicId=1998","일치"
"42","잔무늬 거울 조각","잔무늬 거울 조각","신수10401","선사·초기철기","https://www.museum.go.kr/MUSEUM/contents/M0502000000.do?schM=view&searchId=search&relicId=2177","일치"
"43","산수무늬벽돌","산수무늬 벽돌","본관13972","삼국·가야","https://www.museum.go.kr/MUSEUM/contents/M0502000000.do?schM=view&searchId=search&relicId=856","공식 명칭으로 정리"
"44","십이지상","십이지상(말)","덕수5198","고려","https://www.museum.go.kr/MUSEUM/contents/M0502000000.do?schM=view&searchId=search&relicId=1400","공식 명칭으로 정리"
"45","용비어천가","용비어천가","신수17062","조선","https://www.museum.go.kr/MUSEUM/contents/M0502000000.do?schM=view&searchId=search&relicId=47246","일치"
"46","청자 상감 모란무늬 매병","청자 상감 모란무늬 매병","덕수434","고려","https://www.museum.go.kr/MUSEUM/contents/M0502000000.do?schM=view&searchId=search&relicId=974","일치"
"47","분청사기 조화 물고기무늬 장군","분청사기 조화 모란 물고기무늬 장군","동원201","조선","https://www.museum.go.kr/MUSEUM/contents/M0502000000.do?schM=view&searchId=search&relicId=1742","공식 명칭으로 정리"
"48","백자 끈무늬 병","백자 끈무늬 병","신수12074","조선","https://www.museum.go.kr/MUSEUM/contents/M0502000000.do?schM=view&searchId=search&relicId=2224","일치"
"49","서원화 벽화","서원화 벽화","본관4049","세계","https://www.museum.go.kr/MUSEUM/contents/M0502000000.do?schM=view&searchId=search&relicId=440","일치"